{"cameraMode":{"drawMode":0,"name":"Shaded","section":"Shading Mode"},"sceneLighting":false,"audioPlay":false,"sceneViewState":{"showFog":true,"showMaterialUpdate":false,"showSkybox":false,"showFlares":true,"showImageEffects":true,"showParticleSystems":true,"showVisualEffectGraphs":true,"m_FxEnabled":true},"in2DMode":false,"pivot":{"x":-2.059999704360962,"y":0.5136376619338989,"z":0.011261045932769776},"rotation":{"x":-0.25612369179725649,"y":0.3824658989906311,"z":-0.10617704689502716,"w":-0.8818235397338867},"size":0.9676856398582459,"orthographic":false}